ts	phase	decision	why	evidence	result
2026-08-26T19:41:45Z	frame	Use two independent ingestion paths: Jitsu through a Cloudflare Queue and warehouse data through immutable BigQuery Parquet exports in GCS	This matches the approved design and lets both live and historical Jitsu data land in the same Tinybird raw contract	outputs/research/2026-08-26-bigquery-gcs-tinybird-refresh-cost.md	open
2026-08-26T19:45:30Z	inventory	Confirmed the Tinybird workspace is empty and the checked-in 170-resource project only passes static tests	A clean workspace avoids collisions, but local validation is not evidence of a successful cloud build or data parity	tinybird/README.md	static tests green; cloud build still open
2026-08-26T19:45:30Z	inventory	Kept live and historical Jitsu as two landing shapes joined by the existing message-id precedence adapter	The live Events API contract is normalized while the two BigQuery histories are five wide table mirrors; forcing one physical schema would add needless conversion risk	tinybird/project/source-registry.json	contract boundary confirmed
2026-08-26T19:45:30Z	scope	Treat retiring Dataform as all 40 outputs, with Bill's report closure as the first executable parity gate	The existing Tinybird candidate covers Bill's serving closure but omits 28 populated outputs, including a confirmed revenue-attribution consumer	dataform/definitions	full coverage open
2026-08-26T19:56:47Z	gcs	Exported all 49 required raw BigQuery tables as Parquet into immutable per-dataset and per-table GCS prefixes	This proves the approved native handoff and gives Tinybird one non-overlapping recursive prefix per Data Source	gs://booming-data/tinybird/	49 prefixes; 1,759 objects; 13,291,812,232 bytes
2026-08-26T19:56:47Z	gcs	Converted BigQuery JSON values to JSON strings during Parquet export	BigQuery cannot export its native JSON type to Parquet, while the captured Tinybird contract intentionally stores those fields as String	tinybird/scripts/export-bigquery-to-gcs.mjs	49/49 exports succeeded
2026-08-26T19:56:47Z	jitsu	Implemented Jitsu webhook and Queue delivery as an isolated Cloudflare Worker	The existing browser proxy and marketing webhook worker have separate responsibilities and live routes, so an isolated worker keeps failure and deployment scope small	cloudflare-workers/jitsu-tinybird-ingest/	typecheck and 9 tests green; live activation open
2026-08-26T20:10:25Z	architecture	Build a clean shallow Tinybird production project instead of deploying the existing 170-resource candidate	The candidate exceeds Tinybird query-size limits through deep virtual-pipe inlining and has additional cloud compiler errors; preserving its abstraction shape would not preserve reliable behavior	Tinybird branch codex_sql_compile	64 cloud compiler errors; clean production port in progress
2026-08-26T20:18:55Z	tinybird	Cloud-compiled the clean production project with 49 raw schemas, one live Jitsu schema, reusable Meta dimensions, and two mart endpoints	A branch build proves the resource graph and ClickHouse SQL compile before GCS credentials activate ingestion	Tinybird branch codex_production_meta_parity	56 resources built successfully; GCS imports intentionally disabled for compiler isolation
2026-08-26T20:24:20Z	jitsu	Deployed the live Jitsu Data Source, append-only token, Cloudflare Worker, Queue, and dead-letter queue	The Queue provides retry isolation with a one-second consumer wait while Jitsu remains responsible for the five-minute batch	Cloudflare Worker version 304a006f-d89b-4543-a638-356055d19689	production health check and one synthetic event passed end to end
2026-08-26T20:24:20Z	jitsu	Deleted the single synthetic end-to-end validation row after proving delivery	Keeping a test row would contaminate event analytics; the exact message_id predicate was dry-run before deletion	message_id codex_jitsu_e2e_20260826	one matching row deleted and zero remain
2026-08-26T21:55:16Z	orchestration	Implemented and independently reviewed a Cloudflare coordinator for all 49 BigQuery exports and Tinybird syncs	A SQLite Durable Object enforces the workspace-wide five-syncs-per-minute limit across overlaps and retries while direct partition predicates control BigQuery scan cost	cloudflare-workers/bigquery-tinybird-sync/	10 unit tests and 5 Workers-runtime tests pass; live deployment credentials pending explicit transfer approval
2026-08-26T21:55:16Z	iam	Created a dedicated BigQuery exporter identity with job execution, read-only access to eight source datasets, and object-admin restricted to the Tinybird GCS prefix	The recurring Worker must not reuse a person or broad existing service account	bigquery-tinybird-exporter@able-folio-499722.iam.gserviceaccount.com	IAM active; no private key remains after blocked Cloudflare transfer
2026-08-26T21:55:16Z	security	Revoked the temporary exporter key after credential transfer to Cloudflare was rejected pending explicit user approval	Leaving an unused long-lived key would create risk without enabling the Worker	GCP key 7d3f9b15c9b050cea91955a25a06e0bc5353fe99	key deleted and local file removed
2026-08-26T22:06:15Z	parity	Matched the first two production Tinybird marts to BigQuery row for row	UTC endpoint serialization and string-to-decimal conversion preserve BigQuery timestamp and NUMERIC behavior exactly	tinybird-production/scripts/compare-meta-marts.mjs; Tinybird branch codex_production_meta_parity	18,211 hourly rows and 1,226 daily rows have identical SHA-256 hashes and totals
2026-08-26T22:12:30Z	iam	Created a dedicated Tinybird Parquet reader with bucket name listing and content reads restricted to the Tinybird object prefix	The native connector must list files at bucket scope, while its data reads should not extend beyond the migration folder	tinybird-parquet-reader@able-folio-499722.iam.gserviceaccount.com; gs://booming-data IAM policy	identity and least-privilege bindings active; no user-managed key exists
2026-08-26T22:43:43Z	parity	Published ActiveCampaign current-state projections and a replace-mode registration snapshot that exactly matches the authoritative Dataform model	Incremental ReplacingMergeTree state preserves late corrections, while full replacement removes deleted or newly suppressed fallback registrations without rebuilding 2.56 million source rows per request	tinybird-production/scripts/compare-activecampaign-registration.mjs; Tinybird branch codex_production_meta_parity	942,274 rows match across 16 fingerprint buckets with identical SHA-256 52d9c4f703f0bc3b95312e82ffafc39c7b85edfe7b20975d456f4bdce5edc7c4; full fingerprint query elapsed 0.962s
2026-08-26T23:11:45Z	jitsu	Versioned the five ingestion-time-partitioned Boom exports and preserved BigQuery _PARTITIONTIME as source_partition_time	The original Parquet contract dropped a hidden BigQuery column and changed 112 historical attribution/page rows; a separate prefix avoids duplicate old and corrected snapshots	gs://booming-data/tinybird/boom_domains/*/partition_time_v1/; cloudflare-workers/bigquery-tinybird-sync/	5/5 backfills succeeded; 11 unit tests and 5 Workers-runtime tests pass; sampled Parquet rows have 100% populated source_partition_time
2026-08-26T23:14:00Z	jitsu	Promoted the exact live Jitsu landing contract and deployed its matching Cloudflare worker	Distinct timestamp, submitted_at, amount, and value facts plus Dataform field precedence prevent live events from diverging from historical staging	Tinybird deployment 3; Cloudflare Worker 23d0b400-1a2f-4d2d-bb11-fb84c992e9f8	10 tests pass; one synthetic order preserved all typed values through webhook, Queue, and Events API; the exact row was deleted and zero remain
2026-08-26T23:35:05Z	identity	Exported an immutable activated identity-state seed from the completed BigQuery generation	Starting Tinybird from exact profiles, mappings, and facts avoids recomputing the 9.22 million-row historical graph during cutover while retaining facts needed to detect later changes	gs://booming-data/tinybird/migration_seed/identity_state/snapshot_at=20260826230500/; tinybird-production/scripts/export-identity-state-seed-to-gcs.mjs	66 Parquet objects, 7,773,516,065 bytes; 2,275,158 unique profiles, 4,968,701 unique mappings, 9,219,703 unique facts, two audit rows; zero null required fields or invalid hash lengths
2026-08-27T00:12:26Z	identity	Exported immutable mapping evidence beside the activated identity seed	Per-identifier first and last observation times are required to preserve Dataform winner selection during later profile merges	gs://booming-data/tinybird/migration_seed/identity_mapping_evidence/snapshot_at=20260826230500/	4,968,701 unique mappings; 289,799,360 bytes; zero invalid observation timestamps
2026-08-27T00:12:26Z	jitsu	Physicalized all five Jitsu current-state adapters behind versioned Data Sources	Shallow readers prevent Tinybird query expansion while retaining source priority, deterministic latest-row selection, live materialization, and tombstone behavior	tinybird-production/datasources/state/jitsu_*_versions.datasource; tinybird-production/pipes/adapters/jitsu/	Cloud compiled; five historical backfills accepted; five live materializations and synthetic tombstone behavior validated on an isolated branch
2026-08-27T00:12:26Z	identity	Implemented a frozen staged identity compactor with an explicit evidence-removal safety gate	Frozen pending events and union-find components keep queries under Tinybird limits, isolate concurrent enqueueing, and make retries deterministic	tinybird-production/pipes/models/identity/; Tinybird branch codex_production_meta_parity	Cloud compiled; new profile, retry no-op, two-profile bridge merge, name-only update, and unsafe evidence-removal block all passed; 35 synthetic rows removed after testing
2026-08-27T00:12:26Z	sessionization	Ported identity-independent page-view sessionization and website touchpoint generation	This preserves Dataform ordering, effective 31-minute boundary, first-page attribution, Pacific Meta cutoff, and FBCLID first-seen behavior without coupling sessions to identity state	tinybird-production/pipes/models/sessionization/	Local format and project checks pass; cloud compile and BigQuery parity still open
2026-08-27T00:12:26Z	parity	Kept the Stripe payment snapshot out of the exact-parity column after a full-row mismatch	Matching row counts and keys are insufficient; a leading newline in billing_address_region survived the prior Tinybird whitespace regex	tinybird-production/pipes/adapters/payments/; tinybird-production/scripts/compare-all-stripe-payments.mjs	323,981 keys and source counts match; POSIX whitespace fix applied locally; rebuild, replace COPY, and final SHA parity remain open
2026-08-27T00:12:26Z	security	Flagged the current Tinybird CLI token for rotation after a DNS retry printed it in hidden execution output	Persisted command traces must be treated as credential exposure even though no browser or credential setting was opened	Tinybird CLI authentication	Rotation pending explicit user approval; all later command output scrubbed
2026-08-27T00:25:41Z	parity	Matched the complete shared Stripe payment adapter to the frozen authoritative BigQuery snapshot	A scoped Unicode-boundary trim makes Tinybird agree with BigQuery for the sole non-breaking-space ZIP without broadening normalization of other fields	tinybird-production/scripts/compare-all-stripe-payments.mjs; Tinybird branch codex_production_meta_parity	323,981 rows and keys, zero duplicates, exact source counts, and identical SHA-256 1c0cb37834568b74dc37a2d82bdf7bc408cc94e20692d6a5d18b25ec3491bc63
2026-08-27T00:25:41Z	resolution	Cloud-compiled reusable payment, ActiveCampaign-registration, and website-touchpoint identity resolution models	Stable identity-independent adapters can be reused across payment and lead sources while active mappings and literal manual overrides remain centralized	tinybird-production/pipes/models/resolution/; Tinybird branch codex_production_meta_parity	Four resources built successfully together with the payment normalization change; data parity awaits activated identity seed and historical Jitsu ingestion
2026-08-27T01:54:36Z	auth	Confirmed refreshed BigQuery and GCP IAM command-line authentication before resuming credential provisioning	Machine credentials must only be created after the operator identity can prove query and IAM access	BigQuery SELECT 1; exporter service-account describe	Both checks succeeded non-interactively; no browser or GUI authentication used
2026-08-27T01:54:36Z	iam	Installed the dedicated Parquet reader credential as a Tinybird secret and immediately removed its local private-key file	Tinybird needs a machine credential to list and read the approved GCS prefix, while retaining a local copy would add unnecessary exposure	BOOM_GCS_SERVICE_ACCOUNT_CREDENTIALS_JSON; tinybird-parquet-reader@able-folio-499722.iam.gserviceaccount.com	Secret verified by name; local reader key permanently deleted
2026-08-27T01:54:36Z	security	Defined one resource-scoped APPEND token across exactly 50 raw Data Sources instead of creating a permanent workspace-wide ADMIN token	Tinybird requires resource-scoped token changes through deployments, and the Worker should not hold unrestricted workspace authority	tinybird-production/datasources/raw/*.datasource	50/50 datafiles contain TOKEN boom_bigquery_tinybird_sync APPEND; production deployment and Worker transfer pending
2026-08-27T01:54:36Z	security	Extended the Tinybird CLI token rotation warning after another hidden retry trace contained the current token	Repeated trace exposure reinforces that the existing operator token must be considered compromised even when later output is scrubbed	Tinybird CLI authentication	Rotation remains pending explicit user approval; no additional broad token was created
2026-08-27T18:55:48Z	identity	Replaced the global identity rebuild graph with one immutable seed, an activated delta journal, a reverse evidence index, and five bounded Copy stages	The old graph exceeded Tinybird query limits and repeatedly scanned millions of stable rows; affected-component compaction keeps recurring work bounded	tinybird-production/pipes/models/identity/; tinybird-production/scripts/tests/identity-compaction.test.mjs	25 tests pass and Tinybird deployment 33 is ready in staging; production promotion open
2026-08-27T18:58:00Z	resolution	Changed the resolver to point-look up mapping and profile rows through the seed sorting key	The previous request path scanned 24.9 million rows and 1.137 GB for one missing email	Tinybird staging deployment 33; tinybird-production/endpoints/resolve_identity.pipe	Missing lookup reads 343,938 rows and 23,044,440 bytes; active profile lookup reads 49,200 rows and 7,644,439 bytes
2026-08-27T19:02:00Z	ingestion	Confirmed all 50 raw Tinybird Data Sources exist and the two sources without displayed counts are truly empty	A dash in the Tinybird listing can mean an empty table, so the audit queried those tables before calling the import incomplete	Tinybird live datasource statistics	48 sources loaded with 15,626,582 rows; manual attribution and Stripe promotion code contain zero source rows
2026-08-27T19:03:00Z	jitsu	Kept the live Jitsu Worker and Queue infrastructure but marked real delivery unverified	The synthetic webhook test passed, but the live landing Data Source is empty while historical Jitsu still contains recent traffic	cloudflare-workers/jitsu-tinybird-ingest/; Tinybird jitsu_events_api_observations	Worker, Queue, DLQ, auth, and Events API path verified; Jitsu five-minute Webhook destination remains open
2026-08-27T19:04:00Z	parity	Added an explicit staging target to the 40-output parity runner	The pending Tinybird deployment could not be compared without treating it as live production or creating another branch	tinybird-production/scripts/lib/tinybird-target.mjs; tinybird-production/scripts/tests/parity-contract.test.mjs	Six parity contract tests pass and staging plans resolve through --cloud --staging
2026-08-27T19:05:00Z	orchestration	Uploaded the five-stage BigQuery-to-Tinybird coordinator as an inactive Cloudflare Worker version	The live no-Cron version predates fact expansion; uploading first proves the bundle without changing traffic	Cloudflare Worker version 1980769d-2cf7-4db6-9384-d58eacbf792e	Upload succeeded; live traffic remains on 7dccfafb-44c5-460c-808b-df47b3fb0719
2026-08-27T19:06:01Z	auth	Stopped the BigQuery side of staging parity when command-line reauthentication failed	The user prohibited opening an authentication browser and current OAuth credentials cannot refresh non-interactively	bq SELECT CURRENT_TIMESTAMP; gcloud storage ls	BigQuery and GCS live verification paused until the user authenticates again
2026-08-27T19:08:00Z	release	Verified the staged Tinybird and inactive Cloudflare releases immediately before production handoff	Production should only change from artifacts whose exact IDs, bindings, and traffic state are known	Tinybird deployment 33; Cloudflare Worker version 1980769d-2cf7-4db6-9384-d58eacbf792e	Tinybird 33 remains Staging; Worker release contains the five-stage coordinator and all four required secret bindings; live Worker remains version 7dccfafb-44c5-460c-808b-df47b3fb0719
2026-08-27T19:08:30Z	safety	Did not promote Tinybird release 33 after the production action was rejected as insufficiently authorized	Promotion replaces release 31 and removes 44 obsolete legacy identity pipes, so the user must approve that exact live deletion scope	Tinybird deployment promotion safety review	No production change occurred; physical legacy Data Sources remain intact and promotion awaits explicit scope approval
2026-08-27T19:09:00Z	verification	Re-ran the three local release gates after the latest changes	The handoff should distinguish an unexecuted production rollout from a broken artifact	BigQuery sync Worker; Jitsu ingest Worker; Tinybird parity contract	BigQuery Worker check passed 29 unit plus 11 runtime tests; Jitsu Worker passed 11 tests; parity contract passed 6 tests covering all 40 outputs
2026-08-27T19:10:00Z	parity	Classified the 40-output parity state from current evidence	Deployed resources and matching row totals are not substitutes for a saved quiet-cut source-to-target comparison	tinybird-production/scripts/parity/output-contract.json; Tinybird live and staging catalogs	Zero outputs have authoritative six-gate evidence; nine snapshot targets are empty in both live and staging; two outputs have partial fixed-window evidence; 29 are compiled only
2026-08-27T19:15:00Z	modularity	Added a fail-fast ownership check between physical BigQuery inputs and the reusable Tinybird source registry	Adding a payment or lead source must not silently update the export contract without registering its owning source adapter	cloudflare-workers/bigquery-tinybird-sync/scripts/source-registration.mjs; tinybird/project/source-registry.json	All 50 current resources have exactly one source owner; missing and duplicate ownership tests pass
2026-08-27T19:17:00Z	cadence	Separated ten-minute raw coverage from an unproven ten-minute publication claim	Five connector calls per minute cover 50 Data Sources in ten minutes, but the current coordinator pauses raw processing during Copy publication and cannot catch up at the same arrival rate	cloudflare-workers/bigquery-tinybird-sync/src/cadence.ts; health endpoint; official Tinybird limits	Raw slot coverage is proven at ten minutes; automatic scheduling stays disabled and end-to-end publication cadence remains unproven until the controlled run measures it
2026-08-27T19:17:30Z	capacity	Confirmed the Tinybird workspace is Enterprise while retaining the documented five-request shared ingestion API limit	Enterprise increases Copy concurrency and duration but the connector ingestion API limit is plan-independent	Tinybird workspace metadata; Tinybird official limits documentation	Workspace plan is Enterprise; Copy capacity is two running plus four queued jobs, while create/append/replace connector calls remain five per minute
2026-08-27T19:18:00Z	verification	Re-ran the full BigQuery-to-Tinybird Worker release gates after the registry and cadence changes	Concurrent audits changed generator and runtime metadata, so their combined artifact needed one authoritative local run	cloudflare-workers/bigquery-tinybird-sync npm check and bundle validation	Manifest covers 50 registered resources; 33 unit tests and 12 Durable Object tests pass; bundle validation passes
2026-08-28T00:42:52Z	auth	Reverified non-interactive BigQuery access after user authentication	Production identity validation requires direct access to the pinned BigQuery source snapshot	bq SELECT CURRENT_TIMESTAMP	BigQuery query succeeded; GCS and Tinybird access were also available
2026-08-28T00:44:00Z	identity	Computed the exact pinned BigQuery reverse-evidence integrity digest	A row count alone cannot prove that every identifier-to-fact relationship survived the Parquet transfer	tinybird-production/scripts/sql/validate-identity-fact-evidence-seed.sql; BigQuery job bqjob_r24d8128b53a7c1c0_000001a045d403e3_1	Expected 14781764 rows; fingerprint sum 136310112038210859334798501; fingerprint xor 3239841811656216785
2026-08-28T00:45:00Z	release	Promoted Tinybird deployment 33 to live after explicit user approval	The new five-stage identity resources had to be live before controlled catch-up could run	Tinybird deployment 33	Deployment 33 is live; obsolete legacy identity pipes were removed while their underlying Data Sources remained
2026-08-28T00:48:49Z	identity	Proved the imported reverse-evidence seed is identical to the pinned BigQuery export	Compaction is unsafe if unchanged facts are missing from reverse evidence	identity_fact_evidence_seed; gs://booming-data/tinybird/migration_seed/identity_fact_evidence/snapshot_at=20260826230500/	Tinybird matched BigQuery exactly: 14781764 rows; fingerprint sum 136310112038210859334798501; fingerprint xor 3239841811656216785
2026-08-28T00:49:31Z	orchestration	Activated the prepared five-stage coordinator after reverse-evidence parity passed	The controlled identity catch-up requires the release-33 Copy sequence but must remain unscheduled until validation	Cloudflare Worker version 1980769d-2cf7-4db6-9384-d58eacbf792e	Version deployed at 100 percent; no Cron trigger was added
2026-08-28T00:52:10Z	auth	Rotated only the unrecoverable coordinator operator token	Cloudflare stored the prior SYNC_ADMIN_TOKEN but could not reveal it and no local copy existed	Cloudflare Worker version 2c346b48-f957-438f-9c5c-9e88327e0624	Token-only version preserved all code, bindings, and other secrets and was deployed at 100 percent
2026-08-28T00:53:00Z	orchestration	Started one controlled bootstrap generation across all ten five-table raw shards	A full generation must settle before the five-stage identity catch-up and downstream snapshots can be proved	generation_raw_20260828005300000_slot_0	Bootstrap requested; slots 0 through 9 accepted; recurring scheduling remains disabled
2026-08-28T01:03:37Z	capacity	Stopped safely when a bootstrap Copy exceeded Tinybird's 30-second shared-compute limit	The coordinator must never guess or blindly resubmit an append-mode Copy after a terminal job	Tinybird job f3930c87-8305-49b5-9162-7a0749ad1eda; backfill_activecampaign_contact_tags_current	Job ended error after reading and writing 1613824 replay-safe version rows; coordinator retained the exact job and entered failed state
2026-08-28T01:08:58Z	capacity	Restricted on-demand compute to bootstrap Copy submissions	Full one-time backfills need more than 30 seconds, while recurring publication should not pay for dedicated 64-core jobs by default	Cloudflare Worker version 2bb8e609-42b0-42f2-b3f0-7245e49773bb	All 47 Worker tests passed; version retained all four secrets and both Durable Objects and deployed with no Cron
2026-08-28T01:09:27Z	recovery	Verified the failed Copy terminal before resubmitting the same coordinator step	Tinybird Copy submission has no idempotency key, so terminal verification is required before replay	Tinybird jobs f3930c87-8305-49b5-9162-7a0749ad1eda and 79a14369-2878-4544-854f-7f7ec402ef23	Recovery accepted; replacement job explicitly has on_demand_compute=true and is provisioning
2026-08-28T01:31:56Z	identity	Pinned bootstrap identity enqueue to the immutable seed commit timestamp	Starting from the generation overlap would omit the gap between the seed and the controlled raw generation	Cloudflare Worker version 81d2ea6e-3330-4897-876e-5fa0ce6cb525; identity_state_seed activation audit	Bootstrap cutoff is 2026-08-26 23:05:00; recurring runs retain their bounded overlap cutoff
2026-08-28T01:48:00Z	capacity	Removed bootstrap on-demand compute after it still hit the workspace 30-second Copy limit	Dedicated compute did not change the enforced Copy duration, so retaining it added cost without solving the failure	Tinybird job 8e595b59-90bf-454f-b9fa-ee756ba9af71; Cloudflare Worker version 5ef04e59-a07a-4bad-bb9f-c285e9d07890	No on-demand setting remains; historical page views are split into gap-free source/date windows on shared compute
2026-08-28T01:48:57Z	recovery	Resumed the saved bootstrap index with the first bounded shared-compute page-view Copy	The terminal job ID was verified before clearing it, preserving exactly-once coordinator advancement	Tinybird job 76272b37-6077-449b-8953-2e8240507299; generation_raw_20260828005300000_slot_0	First boom_domains window 2026-06-22 through 2026-06-24 completed in 20.48 seconds and wrote 36217 rows; coordinator advanced to the next window
2026-08-28T03:27:56Z	orchestration	Removed all unneeded bootstrap page-view Copies after the two completed boom_domains windows	Historical Jitsu is already loaded and live Jitsu uses the Events API, so the saved coordinator should continue directly from index 10	cloudflare-workers/bigquery-tinybird-sync/src/copy-plan.ts; cloudflare-workers/bigquery-tinybird-sync/test/copy-plan.spec.ts	Indexes 8 and 9 stay fixed; index 10 is snapshot_all_stripe_payments; all 55 Worker tests and the dry-run bundle passed
2026-08-28T03:28:30Z	streaming	Corrected the Jitsu webhook success response from HTTP 202 to HTTP 200	Jitsu had accepted the response body but classified every non-200 webhook response as a failed batch	Cloudflare Worker version 702b808f-283b-485e-8050-9a16d3fc608c; Jitsu batch alert	The same queue behavior now returns 200; all 11 Worker tests passed and live jitsu_events_api rows continued arriving
2026-08-28T03:29:00Z	history	Completed the bounded historical Jitsu page-view tail through the existing Tinybird Events API	Tinybird's local Parquet append path rejected valid files before writing rows, while the Events API safely acknowledged each compressed chunk	jitsu_page_view_versions; 52 gzip NDJSON chunks; cutoff 2026-08-28 00:53:00 UTC	All 103006 exported versions were acknowledged; logical jitsu_data count is exactly 1946689 and boom_domains is exactly 854341
2026-08-28T03:30:00Z	parity	Verified a deterministic historical-tail sample at full row width	Timestamp timezone annotations differ between Parquet readers, so timestamp equality must compare epoch microseconds rather than displayed timezone	6446 sampled rows across all 65 page-view columns	Zero missing rows and zero column mismatches after instant-normalized timestamp comparison
2026-08-28T03:31:00Z	recovery	Deployed the simplified bootstrap plan and resumed the saved coordinator safely	The failed page-view job was first verified terminal; clearing it allows the unchanged publication index to select the new intended step	Cloudflare Worker version f0b55632-9e1e-46b3-bc34-2a2419910c75; Tinybird job 4b6ff484-c72b-4ac3-a5b9-364fe59432e8	Coordinator resumed at pre-identity index 10 with snapshot_all_stripe_payments, no parameters, no on-demand compute, and no Cron
2026-08-28T03:34:30Z	parity	Separated exact imported-tail parity from pre-existing historical seed drift	The verifier's sample flag had omitted the imported-tail lower bound, so it tested old seeded rows as well as the new import	compare-page-view-history.mjs --sample; deterministic full-history 1/1024 row probe	Imported Aug 26 through cutoff sample matched exactly: 6446 rows, 65 columns, SHA-256 aa77dd474b494adb1a3f3240335d5780d546307d203ad548697d85ed1c82bb9c; the old seed sample had 11 mismatched rows of 2749, limited to null-vs-zero meta-click flags and two legacy channel derivations
2026-08-28T04:06:00Z	streaming	Verified Jitsu delivery after the HTTP 200 deployment	The emailed failure began at 02:50:33 UTC, before the 03:09:58 UTC fix, and its body confirmed all eight events were accepted and queued	jitsu_events_api_observations	5200 rows arrived after the fix; first at 03:10:35.023 UTC and latest checked at 04:05:39.453 UTC
2026-08-28T04:08:10Z	identity	Skipped only the fully seeded ActiveCampaign producer during the in-flight bootstrap	All three ActiveCampaign source maxima predate the immutable 2026-08-26 23:05:00 UTC seed cutoff, so replaying the older current snapshot cannot add a post-seed change and repeatedly exceeds the Copy limit	Cloudflare Worker version 8512792a-d3a7-4d7d-b4fb-a9b819402bc5	Bootstrap index 5 now selects Stripe; recurring runs retain all eight producers; Stripe and Stripe-Kajabi each have zero post-seed candidates; 57 Worker tests passed; no Cron or on-demand compute added
2026-08-28T04:20:00Z	identity	Aligned prepare-stage seed fact and mapping lookups with the physical state sorting key	The payload-column predicates forced repeated broad scans of the immutable identity seed and pushed the Copy past 30 seconds	tinybird-production/pipes/models/identity/identity_compaction_prepare_build.pipe; read-only exact-batch comparison	Output stayed exactly 6507 rows with SHA-256 2097067384d2a6ae6ef07ac9a2c9b966e3546347aca73507a73793d3ff96e11e; elapsed fell from 14.598s to 5.756s and rows read from 52207566 to 17229340; no live mutation or deploy
2026-08-28T16:43:28Z	reporting-quiet-cut	Paused the BigQuery sync cron and Jitsu queue consumer	Exact reporting parity needs one frozen cutoff; Jitsu events remain queued instead of dropped	Cloudflare trigger deployment and queue consumer removal at 2026-08-28T16:43Z	quiet cut started
2026-08-28T17:15:09Z	reporting-parity	Fixed the comparator schema probe to request one bounded row	Tinybird CLI emits no JSON for LIMIT 0, so all nine layer-one checks failed before comparing data	tinybird-production/.reporting-parity-evidence/quiet-cut-20260828t165026z/run.json; manual Tinybird LIMIT 0 and LIMIT 1 probes	parity contract 20 of 20 passed
2026-08-28T18:37:55Z	reporting-backlog	Compacted the paused 186-run reporting backlog into one retained run per source slot plus active-generation protection	The uncompressed queue required 19 repeated publications and would take hours; widened per-slot source windows cover every replaced interval while retaining superseded records as compacted	Cloudflare Worker 1a6b7663-ae93-4de1-84b3-5af3e947e8bc; /publication/compact-backlog	170 queue records marked compacted; 16 queued remained, then one exact 16:50 ten-slot generation was added; Cron and Jitsu consumer stayed off
2026-08-30T00:53:37Z	reporting-history	Replayed the exact Aug 26 through Aug 28 raw source gap across all ten slots	All 408 missing payment rows were confined to Stripe and Stripe Kajabi on Aug 26 and Aug 27	generation_raw_20260828164900000_slot_0; reporting parity payment diagnostic v2	Ten raw slots completed on shared compute in about eight minutes; no on-demand compute
2026-08-30T00:53:37Z	identity-enqueue	Raised source pages to 1000 and ActiveCampaign windows to 24 hours	The old 500-row pages and ten-minute windows repeated broad source reads without changing identity semantics	cloudflare-workers/bigquery-tinybird-sync/src/publication-coordinator.ts; npm run check	All eight producers enqueued; 42 unit and 32 Durable Object tests passed before the later migration tests
2026-08-30T00:53:37Z	identity-capacity	Rejected 5000, 3000, 2000, 1500, and 1000 event batches after production trials	Dense backlog components expanded each input batch into too many graph rows for one Worker invocation	identity_state_delta_versions unactivated batch 1787935740004 and versioned batch 1787935740006	Only unactivated partial rows were removed; the production-safe input limit is 500
2026-08-30T00:53:37Z	identity-retry	Versioned deterministic batch IDs by engine revision and input limit	Changing a batch limit after a failed attempt had reused the same ID and mixed two unactivated outputs	cloudflare-workers/bigquery-tinybird-sync/src/publication-coordinator.ts; migration 16; publication-coordinator.worker.spec.ts	Prepared retries now get distinct IDs; active cursor state is preserved; 42 unit and 34 Durable Object tests pass
2026-08-30T00:53:37Z	orchestration	Replaced stale post-deployment Durable Object alarms during rearm	The coordinator treated an alarm timestamp already in the past as valid and could remain idle after deployment	cloudflare-workers/bigquery-tinybird-sync/src/publication-coordinator.ts; stale-alarm-rearm-test	Regression test passes and production resumed after deployment without resetting graph state
2026-08-30T00:53:37Z	identity-validation	Removed the duplicate literal-key journal reread and kept one exact manifest gate before activation	Events API wait=true already makes a failed journal append abort before the output index and manifest; the second reread repeated retry delays	cloudflare-workers/bigquery-tinybird-sync/src/identity-worker.ts; identity_compaction_manifest.pipe; Worker version d7f7b9d0-4d59-4cc2-a342-7b4840d8d969	500-event batches advanced from version 1787935740007 to 1787935740009 in about 20 seconds; activation remains hash and count gated
2026-08-30T07:53:48Z	reporting-architecture	Moved identity-dependent reporting to identity-neutral facts plus read-time resolution	Baking profile_id into snapshots made every identity merge require a full historical rebuild	outputs/TINYBIRD_REPORTING_IDENTITY_NEUTRAL_ARCHITECTURE.md	One permanent migration per base fact; recurring identity changes require no reporting Copy jobs
2026-08-30T07:53:48Z	reporting-touchpoints	Cut the production touchpoint mart to identity-neutral facts and current identity lookup	The first atomic full seed exceeded the 30-second Copy limit; retry-safe key ranges prune the physical index	Tinybird deployments 57-60; mart_touchpoints_all_facts_current	Seed, neutral facts, and live resolver each contain 2006662 unique touchpoints; 37 stored profile assignments were correctly refreshed
2026-08-30T07:53:48Z	reporting-server-forms	Cut server-side forms to identity-neutral facts and current identity lookup	Server submissions already carry a deterministic identity anchor and need no profile_id in storage	Tinybird deployment 64; mart_form_submissions_server_side_facts_current	944097 rows and unique submission IDs; production reader is live with no recurring rebuild
2026-08-30T07:53:48Z	reporting-identity-views	Proved compact direct reporting identity views exactly equal the canonical state	Repeated canonical activation expansion pushed downstream query text toward Tinybird's 262144-byte limit	Tinybird deployment 71; reporting_current_identity_mappings_direct; reporting_current_identity_profiles_direct	Bidirectional EXCEPT counts are zero for mappings and profiles
2026-08-30T07:53:48Z	reporting-payments	Cut production payments to identity-neutral Stripe facts plus current identity resolution	Payments were the next stored profile snapshot and required exact preservation of manual overrides and derived identity fields	Tinybird deployment 72; reporting_resolved_payments; mart_payments	Stripe 244574 and Kajabi 79894 rows are unique by payment ID; live mart and prior proven resolver have identical identity digests; no Copy or paid compute
2026-08-30T08:48:57Z	reporting-client-forms	Cut client forms to physical Jitsu versions plus read-time identity resolution	The first direct cut exposed a recursive alias collision, so the resolver now ranks the physical version table directly	Tinybird deployment 73; mart_form_submissions_client_side	86229 rows and unique submission IDs; live and stored source-and-identity digests matched exactly; no Copy or paid compute
2026-08-30T08:48:57Z	reporting-client-payments	Cut client payments to physical form/order versions plus read-time identity resolution	Both historical checkout forms and native orders now inherit current profiles without a stored payment snapshot	Tinybird deployment 74; mart_payments_client_side	5266 rows and unique client payment IDs; live and stored source-and-identity digests matched exactly; no Copy or paid compute
2026-08-30T08:48:57Z	reporting-manual-candidates	Cut manual-attribution search candidates to live source records and current identity	The stored snapshot omitted 12 Kajabi candidates and retained old profile assignments	Tinybird deployment 75; mart_manual_attribution_profile_search_candidates	ActiveCampaign non-identity digest matched; Kajabi had 12 live-only, zero stored-only, zero shared non-identity changes, and one current profile reassignment
2026-08-30T08:48:57Z	reporting-payment-timing	Cut payment-plan timing to a live identity-aware build with physical-key-bounded legacy resolution	Only one 2834-row legacy installment subset needs profile grouping; all other timing is identity-independent	Tinybird deployments 76-77; int_payment_plan_timing_build; int_payment_plan_timing	Live build returns 244574 Stripe and 79894 Kajabi unique payments in about 2.8 seconds; 419 live-only rows, zero stored-only, zero shared timing changes; no Copy or paid compute
2026-09-01T19:39:04Z	recovery-frame	Adopted this TSV as the append-only record for every material action, decision, result, and error from the takeover directive onward	The user explicitly required a durable record before production work continues	user directive; .audit/tinybird-migration.tsv	tracking active
2026-09-01T19:39:04Z	recovery-baseline	Preserved the existing dirty worktree and limited the production recovery to commits e69ba16 and 8aade1e	Unrelated user changes are present and must not be staged, reverted, or overwritten	git status; commits e69ba16 and 8aade1e	baseline recorded; no files changed outside the audit log
2026-09-01T19:39:27Z	backpressure-verification	Reran the complete Worker check at commit 8aade1e before deployment	Production recovery must not deploy an unverified local commit	cloudflare-workers/bigquery-tinybird-sync npm run check	97 tests passed; 1 test intentionally skipped; manifest and typecheck passed
2026-09-01T19:39:57Z	admin-token	Rotated SYNC_ADMIN_TOKEN and stored the recoverable copy in the macOS login Keychain before updating Cloudflare	The prior rotation deleted its only local copy and made authenticated recovery impossible	Keychain service Boom Bookkeeping SYNC_ADMIN_TOKEN; Wrangler secret upload result	Cloudflare accepted the secret; token was not printed or written to the repository
2026-09-01T19:40:32Z	backpressure-deploy	Deployed commit 8aade1e to the production sync Worker before recovering the failed generation	A repeated transient 502 must back off and retry instead of returning the coordinator to terminal failure	commit 8aade1e; Worker version 71bdd1ee-1c67-4998-bcef-0c3ab8585157	deployment succeeded; production schedule and bindings preserved
2026-09-01T19:40:32Z	publication-recovery	Recovered the stored generation with retry_known_job_or_raw	All ten raw slots were already complete and the failure was a transient 502 during identity enqueue, so resubmission was unnecessary	generation_raw_20260831145300000_slot_3; authenticated recovery response	phase changed failed to copying; latest publication changed failed to running; lastError cleared
2026-09-01T19:42:38Z	publication-monitor	Confirmed the recovered page-view producer is advancing through durable 1000-row pages	The status producer counter changes only when the whole producer finishes, so live logs are the evidence of forward progress	Worker tail events identity_source_page_enqueued for generation_raw_20260831145300000_slot_3	Pages complete every 2 to 3 seconds with 91 to 129 appended identity rows; no repeated 502 or terminal failure
2026-09-01T19:46:57Z	publication-progress	Confirmed the recovered generation completed the segment_page_view producer and advanced to segment_attribution, producer 5 of 8	The producer-level status transition proves the long sequence of full pages was finite forward work, not a retry loop	Authenticated /publication/status; generation_raw_20260831145300000_slot_3	Identity enqueue is 4 of 8 complete; queued minute-runs reached 1720; lastError remains clear
2026-09-01T19:56:50Z	identity-manifest-visibility	Recorded a terminal coordinator error after all eight source producers completed: the identity compaction manifest query returned no rows	The Worker polls manifest visibility for only 30 seconds and currently treats exhaustion as a correctness failure	Production status; batch generation_raw_20260831145300000_slot_3_identity_1788187980000_engine1_limit1000	Coordinator entered failed during identity compute; no recovery was attempted before diagnosis
2026-09-01T19:58:00Z	identity-manifest-diagnosis	Proved the failed batch was fully written and the manifest became visible after the 30-second polling deadline	Distinguishes delayed read-after-write visibility from missing or corrupt batch output	Tinybird production queries by exact batch version and id	3000 indexed output rows, one journey queue row, journal rows, and the matching batch_manifest are present; failure is retry classification, not data loss
2026-09-01T19:58:47Z	identity-manifest-fix	Classified exhausted manifest read-after-write polling as resumable coordinator backpressure while preserving terminal handling for mismatched or invalid manifests	Production proved a valid manifest can become visible after the current 30-second polling deadline	identity-worker.ts; publication-coordinator.ts; publication-coordinator.worker.spec.ts	Full check passed: 98 tests, one intentional skip, manifest check and typecheck; no credential material present in the audit log
2026-09-01T20:00:30Z	identity-retry-error	Recorded that recomputing the same batch id after delayed manifest visibility polluted the batch output index and failed validation	Retry rows were not hash-idempotent under the same batch id, so the retry produced 4950 distinct indexed rows against 4659 expected	Production manifest endpoint for batch version 1788187980000	Coordinator correctly returned to failed; batch remained unactivated; existing recovery path will replace the invalid batch id
2026-09-01T20:02:25Z	manifest-resume-test-error	Rejected the first no-rewrite implementation after the DO suite left three expected first-compute interceptors unused	The initial implementation checked for an existing manifest on every fresh compute instead of only after a persisted visibility-backpressure state	Full npm run check; seven cascading test failures from one pending-interceptor leak	No deployment; implementation narrowed before production mutation
2026-09-01T20:02:59Z	manifest-resume-fix	Changed manifest visibility retry to read and validate the already-committed batch without recomputing or rewriting it	Preserves fresh-batch computation and prevents retry pollution while retaining durable backpressure	identity-worker.ts; publication-coordinator.ts; publication-coordinator.worker.spec.ts	Full check passed: 99 tests, one intentional skip, manifest check and typecheck
2026-09-01T20:05:33Z	manifest-resume-production-proof	Observed production backpressure, no-rewrite resume, validation, and activation of the replacement identity batch	Confirms delayed manifest visibility no longer produces a terminal failure or duplicate output rows	Worker version 4fa31c30-a9d2-4e60-8767-18b604d4f40a; replacement batch ending retry1788293016078	Batch activated with 1000 input events and 4659 output rows; next batch prepared automatically
2026-09-01T20:12:44Z	identity-activation-visibility	Recorded a terminal activation visibility deadline on batch version 1788187980008	The activation marker append completed but the current cursor remained on version 1788187980007 through the 31-second visibility poll	Production coordinator status and current_identity_compaction_cursor	Coordinator stopped in activate; no later cursor was assumed and no blind recovery was issued
2026-09-01T20:14:35Z	activation-resume-fix	Classified delayed activation visibility as backpressure and added a no-rewrite resume that only completes after the exact batch appears in the active cursor	Avoids duplicate activation appends while preserving terminal handling if a different or newer batch becomes active	tinybird-api.ts; publication-coordinator.ts; publication-coordinator.worker.spec.ts	Full check passed: 101 tests, one intentional skip, manifest check and typecheck
2026-09-01T20:15:49Z	legacy-visibility-recovery	Translated pre-deploy manifest and activation visibility error text into the new durable no-rewrite retry markers during operator recovery	The production batch 1788187980008 failed under the old message before the corrected Worker was deployed and must not repost on recovery	publication-coordinator.ts; publication-coordinator.worker.spec.ts	Full check passed: 102 tests, one intentional skip, manifest check and typecheck
2026-09-01T20:22:20Z	identity-output-partial-visibility	Recorded batch 1788187980013 stopping with an invalid manifest while only 3000 of 4698 expected index rows were visible	Exactly six 500-row upload chunks were visible, indicating delayed visibility of the second append group rather than invalid engine output	Production identity_compaction_manifest and identity_batch_output_rows queries	Batch stayed unactivated; a later query returned all 4698 rows and is_valid=1; no replacement recovery issued
2026-09-01T20:24:02Z	partial-output-resume-fix	Classified fewer-than-expected indexed output rows as read-after-write backpressure and made invalid-batch recovery recheck the manifest before replacing its id	Prevents a partially visible multi-chunk append from being mistaken for corruption while equal-count hash mismatch and excess rows remain terminal	identity-worker.ts; publication-coordinator.ts; publication-coordinator.worker.spec.ts	Full check passed: 105 tests, one intentional skip, manifest check and typecheck
2026-09-01T21:11:43Z	identity-drain-complete	Recorded completion of the recovered 34020-event identity backlog through activated manifests	The recovered historical generation must finish identity before raw-run compaction can safely reduce redundant publication work	Production publication status and activated identity cursor	All identity batches through version 1788187980035 activated; coordinator advanced to collecting_raw
2026-09-01T21:11:43Z	raw-backlog-compaction	Paused the coordinator, compacted redundant queued minute-runs, and unpaused after preserving the active generation and per-slot catch-up coverage	Prevents 1771 old minute-runs from each triggering overlapping publication while retaining full source-time coverage	Authenticated publication compact response	Queue reduced from 1790 to 19; 1771 runs compacted; 9 active-generation runs and 10 catch-up runs retained
2026-09-01T21:11:43Z	generation-window-design	Bounded every identity producer to the active generation interval instead of reading from its overlap cutoff through the present	An old recovered generation otherwise rereads all later history, recreating a large identity backlog even after raw-run compaction	publication-coordinator.ts; source_identity_facts.pipe	Worker sends p_source_ingested_to for all eight producers; Tinybird applies an exclusive source_version upper bound in every producer branch
2026-09-01T21:11:43Z	generation-window-test-error	Recorded the first full Worker check failing after the source contract gained p_source_ingested_to	Existing DO HTTP fixtures expected the old unbounded requests; one unmatched request cascaded into 31 failures	Worker npm run check	No deployment; fixtures were corrected to include the generation end and the bootstrap helper now seeds its completed raw run
2026-09-01T21:11:43Z	tinybird-test-command-error	Recorded that npm test is not defined in tinybird-production	The repository exposes its validation suite as npm run check, not npm test	tinybird-production package.json; npm test output	No code or production change resulted; validation rerun with the correct command
2026-09-01T21:11:43Z	generation-window-verification	Verified the Worker and Tinybird generation-bound changes before deployment	The interface change spans both systems and must be proven on both sides before either production mutation	Worker npm run check; Tinybird npm run check	Worker: 105 passed and 1 intentional skip; Tinybird: project check plus 35 tests passed; static test asserts all eight producer branches enforce the upper bound
2026-09-01T21:23:41Z	tinybird-deploy-target-error	Recorded the first generation-bound deploy selecting Tinybird Local and failing because no container runtime was running	The package deploy script omits the explicit cloud target on this machine	npm run deploy output in tinybird-production	No deployment or production mutation occurred; rerun used tb --cloud explicitly
2026-09-01T21:23:41Z	generation-window-deploy	Deployed the generation upper bound to Tinybird before deploying the Worker caller	The endpoint must accept and enforce p_source_ingested_to before production requests begin sending it	Tinybird deployment 112; Worker version 3583cf2a-4303-4672-b57c-c578ff90ec8f	Tinybird deployment changed one pipe with no token or data-copy changes; Worker schedule and bindings remained intact
2026-09-01T21:23:41Z	generation-window-production-proof	Observed the active publication advance from page views to attribution after the bounded deployment	The page-view stage had previously scanned from the Aug 31 overlap cutoff through the current time; advancing proves the deployed end parameter is being consumed	Authenticated publication status; Worker live events	Page-view producer completed with no coordinator error; attribution continued in durable 1000-row pages with 10 to 19 actual changes appended per page
2026-09-01T21:23:41Z	journey-repair-scope	Established the whole-profile fix cutoff from Worker deployment history and counted the pre-fix journey rows that need repair	Repairing only profiles written by split-key builds avoids a full journey rebuild while covering the known correctness defect	Worker version 90 created 2026-09-01T07:56:49.810832Z; Tinybird query with batch_version below 1788249409811	8072 distinct profiles across 1706752 pre-fix version rows require one whole-profile repair
2026-09-01T21:23:41Z	journey-repair-design	Added a durable idempotent repair queue to the Journey Durable Object and an authenticated profile-chunk enqueue route	The existing Tinybird handoff cannot safely accept synthetic rows because it is gated by exact activated identity batch triples and its cursor is already ahead	journey-coordinator.ts; http.ts; enqueue-journey-profile-repairs.mjs	Repair chunks are capped at 200 profiles, survive restarts, use the same whole-profile paging engine, and do not advance or overwrite the identity handoff cursor
2026-09-01T21:23:41Z	journey-repair-typecheck-error	Recorded the first repair-queue typecheck failure because the SQLite row interface lacked the required index signature	Cloudflare SqlStorage generics require row types to satisfy Record<string, SqlStorageValue>	Worker npm run check	No deployment; added the same explicit row index signature used by the coordinator state type
2026-09-01T21:23:41Z	journey-repair-verification	Verified the repair queue, route, idempotency, cursor isolation, and orchestration helper before deployment	A repair must never move the activated identity cursor and retrying the same chunk must not duplicate work	Worker npm run check; node syntax check	Worker: 107 tests passed with 1 intentional skip; helper script syntax passed
2026-09-01T21:57:58Z	journey-repair-deploy	Deployed the durable whole-profile journey repair queue and authenticated enqueue route	The 8072 pre-fix profiles require targeted repair without advancing the normal identity cursor	commit b2ec0a2; Worker version 607eccb7-a8d2-4318-8375-9b044cee4db4	Production deployment succeeded with schedule and existing bindings preserved
2026-09-01T21:57:58Z	journey-repair-execution	Queued and completed all targeted pre-fix journey profile repairs in durable chunks	Whole-profile pages replace stale split-key versions without a full historical journey rebuild	41 repair chunks containing 8072 distinct profiles; production journey status	41 completed, 0 pending, no active repair, no error; identity cursor remained isolated from repair work
2026-09-01T21:57:58Z	bigquery-count-query-error	Recorded a read-only BigQuery scope query failing because ROWS was used as an unquoted result alias	ROWS is reserved BigQuery syntax	bq query error; corrected COUNT query	No data changed; corrected query returned 8072 profiles and 1706752 rows
2026-09-01T21:57:58Z	journey-pruning-gate-failure	Rejected the first 50-key journey endpoint result as non-proportional	A 50-key request must not retain nearly the same scan floor as the prior 500-key request	Production benchmark: 234045 rows and 3.79 seconds; component probes	Gate failed and read-side migration remained blocked
2026-09-01T21:57:58Z	journey-pruning-diagnosis	Located the dominant fixed scan floor in mapping delta activation gating and repeated mapping resolution	The endpoint rebuilt activated identity state and mapping candidates even though the Worker already knew the key-to-profile assignment	Production component queries	mapping seed read 17797 rows; delta read 34688; activated delta path read 104336; conversion and touchpoint facts together read 2663
2026-09-01T21:57:58Z	identity-activation-lookup	Added and backfilled a narrow activation lookup keyed for journal membership checks	Avoids rebuilding the wide activated identity batch relation for each journey mapping lookup	Tinybird deployments 113 and 114; exact triple comparison	542 old activation triples and 542 lookup triples; 0 missing and 0 extra; production journey endpoint switched to the lookup
2026-09-01T21:57:58Z	journey-pruning-second-gate-failure	Rejected the activation-lookup-only result because mapping resolution was still evaluated twice	The read count improved but remained a fixed floor instead of scaling with 50 requested keys	Production benchmark after deployment 114	119213 rows and 2.305 seconds; gate remained blocked
2026-09-01T21:57:58Z	journey-literal-mapping-design	Changed profile pages to carry aligned literal identifier-key to profile-id pairs already resolved by the Worker	Removes redundant Tinybird mapping seed and delta reads for the normal profile path while retaining storage fallback for orphan and conversion-only pages	journey-worker.ts; journey-coordinator.ts; tinybird-api.ts; reporting_profile_journey_window_build.pipe	Worker rejects conflicting assignments and mismatched arrays; backward-compatible endpoint fallback preserved
2026-09-01T21:57:58Z	journey-literal-mapping-verification	Verified the paired-literal journey interface across Worker and Tinybird before production deployment	The cross-system parameter contract must compile and preserve singleton comma-containing keys	Worker npm run check; Tinybird npm run check	Worker 107 tests passed with 1 intentional skip; Tinybird project check and 35 tests passed
2026-09-01T21:57:58Z	journey-literal-mapping-deploy	Deployed the paired-literal journey endpoint before its Worker caller, then deployed the Worker after the production gate passed	The endpoint change is backward compatible and the caller must only send new parameters after the endpoint is live	Tinybird deployment 115; Worker version eeeb603a-8fd8-4ed0-88c1-b6cc2e61acb6	Both deployments succeeded; no data copy was run
2026-09-01T21:57:58Z	journey-pruning-gate-pass	Passed the required 50-key proportionality gate against production	The normal profile path now reads only the requested journey facts instead of rereading the identity mapping graph	Production benchmark after deployment 115	2665 rows and 519845 bytes read, 1.984 seconds server time, 8 output rows; 44.7 times fewer rows than deployment 114
2026-09-01T21:57:58Z	production-coordinator-check	Confirmed repaired journey state is idle and the latest publication completed without coordinator errors	Parity should be run only from a coherent journey checkpoint	Authenticated journey and publication status	Journey cursor 1788188580014, 41 repairs complete, 0 pending, lastError null; latest publication completed at 2026-09-01T21:40:48.246Z
2026-09-01T21:57:58Z	production-status-auth-error	Recorded the first journey status request returning Unauthorized because the shell expanded the header before applying the Keychain-scoped value	The token assignment and header expansion occurred in one simple command and the header was empty	Authenticated status command response	No credential or production state changed; corrected subprocess scoping returned status successfully
2026-09-01T21:57:58Z	bigquery-parity-auth-block	Recorded the required 50-profile parity query failing before execution because the active Google CLI refresh token requires interactive reauthentication	BigQuery cannot be used non-interactively until adeola@datastacklabs.com completes gcloud auth login	compare-journey-profile-sample.mjs; gcloud auth print-access-token	No BigQuery or Tinybird data changed; parity remains blocked and read-side migration has not started
2026-09-01T21:57:58Z	jitsu-live-proof	Proved the direct Jitsu Events API feed is actively appending to Tinybird	Live ingestion must be evidenced independently of the queued GCP publication path	Tinybird jitsu_events_api_observations production query	1481 distinct messages in the preceding 15 minutes; newest ingested_at 2026-09-01 21:55:57.109000, 62 seconds behind query time
2026-09-01T21:57:58Z	jitsu-proof-query-error	Recorded the first read-only Jitsu proof query failing because the Tinybird CLI appended a second FORMAT clause	The CLI owns result formatting for tb sql	Tinybird SQL parser error	No production state changed; corrected query returned the live-ingestion proof
2026-09-01T21:57:58Z	raw-backlog-compaction-2	Paused the publication coordinator between publications, compacted redundant queued raw runs, and resumed it	The GCP path was operational but accumulating minute-runs faster than the active generation completed	Authenticated pause, compact-backlog, and resume responses	Queue reduced from 61 to 12; 49 runs compacted; 2 missing active-generation slots and 10 catch-up slots preserved; coordinator resumed with lastError null
2026-09-01T22:00:00Z	gcp-publication-live-proof	Observed the compacted GCP generation complete all ten raw slots and enter recurring publication	Proves the GCP export and Tinybird publication path resumed after compaction rather than remaining on a stuck raw lease	Worker live event and authenticated publication status	generation_raw_20260831151400000_slot_4 emitted publication_started at 2026-09-01T21:59:58Z; status is copying identity producer 1 of 8 with all slots complete and lastError null
2026-09-01T22:03:00Z	google-adc-auth-block	Confirmed Google application-default credentials require the same interactive reauthentication as the active CLI account	Rules out a second local credential path for the BigQuery parity query without creating a temporary production query surface	gcloud auth application-default print-access-token with token output suppressed	No token returned and no state changed; user-facing gcloud login prompt opened in the app terminal
2026-09-01T22:03:00Z	gcp-publication-progress	Confirmed the newly started GCP publication advanced through three identity producers under the deployed generation bounds	Forward movement after compaction is stronger evidence than a start event alone	Authenticated publication status	Identity enqueue 3 of 8 complete, segment_page_view active, publication running, lastError null
2026-09-01T22:04:00Z	gcp-page-progress-proof	Confirmed the long segment_page_view producer is advancing in durable pages rather than stalled	Producer-level status remains unchanged until every source page is consumed, so page events are required to interpret the flat counter	Worker live events for generation_raw_20260831151400000_slot_4	1000 source rows processed every 2 to 3 seconds with 5 to 11 appended changes per page; no exception or coordinator error
2026-09-01T22:05:00Z	audit-order-clarification	Clarified the reconstructed ordering of the deployment 113 through 115 checkpoints that were appended together after execution	The shared 2026-09-01T21:57:58Z timestamp is the ledger append time, not an assertion that all actions happened simultaneously	Tinybird deployment history and production benchmark output	Actual order: deployment 113 created the activation lookup; deployment 114 switched the activation join; its 50-key gate still failed; deployment 115 added literal pairs; its direct 50-key gate passed; Worker eeeb603a was then deployed
2026-09-01T22:05:00Z	audit-metadata-redaction	Removed an independently added audit row that named credential storage metadata	Credential locations are not needed to review migration correctness and should not be repeated in the current ledger even without values	Cross-model audit review flag	No secret value was present; current audit retains the credential operations and outcomes without repeating the local storage coordinates
2026-09-01T22:06:00Z	cross-model-audit-review	Completed independent review of the current ledger and resumed-pass commits after applying the review corrections	A second model must verify material omissions, inconsistencies, secret leakage, and gate enforcement before checkpoint handoff	gpt-5.4 review of commits 81aeeee, e564fcc, 166aafb, 580742a, and f55f979	No remaining flags; no committed secret values found; BigQuery parity correctly remains a blocker to read-side migration
2026-09-02T01:20:22Z	google-auth-restored	Confirmed the authenticated Google CLI can issue an access token without exposing the token	BigQuery parity could not resume until local Google authentication was restored	gcloud auth print-access-token output length only	Google access available; no production data changed
2026-09-02T01:20:22Z	parity-helper-type-fix	Qualified reporting journey conversion_time against the source alias in the parity helper	The unqualified name resolved to the helper's Int64 output alias and overflowed on Tinybird Decimal input	compare-journey-profile-sample.mjs failure and corrected query	Parity helper executes without the Decimal overflow
2026-09-02T01:20:22Z	initial-50-profile-parity	Compared 50 deterministic multi-identifier profiles at the 2026-09-01 19:00 UTC cutoff	Required proof of reporting journey equivalence after the literal-key optimization	BigQuery and Tinybird parity helper	0 of 50 profiles matched; BigQuery returned 1750 rows and Tinybird returned 242, so parity failed closed
2026-09-02T01:20:22Z	profile-gap-diagnosis	Traced one mismatched profile through BigQuery, Tinybird journey output, identity mappings, and retained touchpoint facts	Needed to distinguish missing source data from an incomplete profile-window build	Profile 34ab71e9 evidence queries	BigQuery expected 473 rows, 15 conversions, and 71 touchpoints; Tinybird had 15 rows and one empty touchpoint despite 91 retained facts across the current identity keys
2026-09-02T01:20:22Z	single-profile-repair-proof	Rebuilt profile 34ab71e9 using one complete literal mapping request	Tests whether the permanent data exists and the failure is request partitioning rather than seed loss	Authenticated journey repair and profile comparison	Tinybird reached exactly 473 rows, 15 conversions, and 71 touchpoints for the profile
2026-09-02T01:20:22Z	literal-mapping-full-rerun	Enqueued all 8072 pre-fix profiles in 41 deterministic repair chunks	Attempted to apply the proven single-profile behavior to the historical affected set	Repair prefix literal-mapping-rerun-20260901 and subsequent parity run	All chunks completed but parity remained 0 of 50 and Tinybird returned 274 rows; later batches could still split one profile's identifiers across endpoint calls
2026-09-02T01:20:22Z	journey-request-split-root-cause	Found that URL-length chunking occurred after whole-profile paging	Globally sorted identifier keys from one profile were divided across requests, separating conversion anchors from touchpoint anchors	Worker readLiteralKeyChunks behavior and profile 34 regression	Established the exact partial-profile failure mechanism
2026-09-02T01:20:22Z	grouped-get-worker-deploy	Changed the Worker to retain all keys for a profile in each GET and deployed the provisional implementation	Validates the whole-profile boundary before changing transport	Worker checks and production version 58798348-1721-4b8c-a589-283fe4bc7f25	60 unit and 48 Durable Object tests passed; repair restarted
2026-09-02T01:20:22Z	grouped-get-size-failure	Recorded the repair stopping safely on a single profile whose complete identifier set exceeded the 12 KB URL allowance	Splitting the profile would silently recreate incorrect journey rows	Repair whole-profile-url-fix-20260901 chunk 5	Four chunks completed; chunk 5 stopped at profile index 113 before a partial profile was written
2026-09-02T01:20:22Z	post-body-transport-proof	Proved the Tinybird pipe accepts application/x-www-form-urlencoded POST parameters large enough for the complete profile	POST bodies remove the URL ceiling without changing the query contract	Direct endpoint probe for the nine-key profile	Returned all 473 expected rows
2026-09-02T01:20:22Z	post-body-worker-deploy	Changed mapped profile reads to one POST body and deployed the implementation	Preserves the profile boundary independently of URL length	Worker checks and production version 6f5e9e85-59e1-409e-b422-931197f1875c	60 unit and 48 Durable Object tests passed; recovery advanced to the next validation edge
2026-09-02T01:20:22Z	comma-key-edge	Recorded the recovered repair stopping on comma-bearing identifier keys	The legacy comma-separated Array parameter cannot distinguish a comma inside one identifier from a value separator	Worker failure and current identity profile query	Ten current profiles contain comma-bearing keys; no partial write occurred
2026-09-02T01:20:22Z	repeated-form-field-probe	Tested repeated form fields as a lossless Array transport	A standard repeated field could have avoided a custom delimiter	Direct Tinybird endpoint probe	Tinybird did not interpret repeated fields as the required Array and returned no rows
2026-09-02T01:20:22Z	delimited-array-pruning-proof	Tested Tinybird split_to_array with a pipe-specific vertical-bar delimiter and a comma-bearing email	Preserves embedded commas while keeping the identifier array constant for indexed IN lookups	Tinybird Query API template and retained-fact query	Both identifiers parsed correctly; retained-fact lookup read 384 rows rather than scanning the mart
2026-09-02T01:20:22Z	delimiter-safety-check	Checked the live identity graph for vertical bars before selecting the new delimiter	The Worker must fail closed if a real identifier could collide with the transport delimiter	current_identity_profiles production query	Zero current profiles contain the delimiter; Worker validation rejects any future collision
2026-09-02T01:20:22Z	delimited-profile-request-implementation	Implemented one POST request per whole profile page using matched vertical-bar-delimited key and profile arrays	Handles long profiles and embedded commas while retaining literal indexed reads	Worker and Tinybird source plus automated checks	Worker: 60 unit and 48 Durable Object tests passed with one intentional skip; Tinybird: 35 tests and project validation passed; not deployed yet
2026-09-02T01:40:28Z	tinybird-deployment-116	Deployed and auto-promoted the delimited journey parameter contract	Tinybird must accept the new Worker request format before the Worker is deployed	Tinybird deployment history	Deployment 116 is Live; deployment 115 retired
2026-09-02T01:40:28Z	delimited-pruning-gate	Ran the mandatory 50-key endpoint benchmark through the production POST and delimited-array path	The transport fix must preserve literal index pruning	benchmark-journey-identifier-keys.mjs against deployment 116	HTTP 200; 2665 rows and 519845 bytes read; 1.7197 seconds server execution; exactly matches the prior pruning proof
2026-09-02T01:40:28Z	whole-profile-worker-deployment	Deployed the verified Worker after Tinybird deployment 116 and its pruning gate passed	Preserves compatibility and prevents partial-profile writes in production	Wrangler deployment output	Worker version a50d2bc8-7a58-4d92-a2d9-4c5d2d25e15e is live
2026-09-02T01:40:28Z	journey-repair-recovery	Recovered the failed whole-profile repair from its durable chunk and profile checkpoint	Restarting 8072 profiles would repeat completed work and weaken retry proof	Authenticated journey recovery and status sequence	Resumed chunk 5 at profile 113 of 200; comma error cleared; chunk 5 completed and lastError became null
2026-09-02T01:40:28Z	known-profile-nonregression	Checked the known wide profile after later whole-profile batches had activated	Proves subsequent batches no longer overwrite a complete journey with partial output	Live reporting_current_journey_base_rows query for profile 34ab71e9f364611ece3f57f3fd527223	473 rows, 15 conversions, and 71 touchpoints; exactly the BigQuery counts
2026-09-02T01:40:28Z	historical-repair-complete	Drained the entire queued pre-fix profile repair under the new Worker and pipe contract	All historical rows written by partial-profile builds must be superseded before parity testing	Authenticated journey coordinator status	pendingRepairBatches 0; completedRepairBatches 124; lastError null; coordinator automatically resumed normal identity-triggered work
2026-09-02T01:40:28Z	post-repair-parity	Ran the required 50-profile quiet-cut parity comparison after the repair drained	The paging fix cannot be called complete from coordinator status alone	BigQuery and Tinybird at 2026-09-01 19:00 UTC	Tinybird improved from 242 to 1625 rows against BigQuery 1750; initial checker reported 0 matches and correctly kept the parity gate closed
2026-09-02T01:40:28Z	parity-checker-boolean-fix	Corrected canonical boolean handling for BigQuery CLI JSON strings	The checker treated string true as false and falsely attributed exact-row hash differences to is_direct_touch fields	Field-level mismatch diagnostics and corrected helper	Matched profiles increased from 0 to 4 of 50; the known 473-row profile now hashes exactly; remaining 46 mismatches are data membership and resulting weight differences
2026-09-02T01:40:28Z	stale-touchpoint-fact-root-cause	Traced a representative missing journey touchpoint through BigQuery and Tinybird source layers	Determines whether the remaining gap is identity, paging, or source-fact freshness	Touchpoint 0ec374daa43069286bfa15e1819df6da and production freshness queries	BigQuery session timestamp is 2026-08-29 15:30:53; Tinybird indexed touchpoint facts stop at 2026-08-28 16:34:50 and contain no row for the touchpoint
2026-09-02T01:40:28Z	reporting-fact-live-gap	Confirmed the anchor-pruned touchpoint table was populated only by a retired one-time migration Copy	Raw Jitsu and raw GCP feeds being live does not by itself keep the identity-neutral reporting fact cache live	Copy plan, datasource timestamps, and pipe dependencies	mart_touchpoints_all_facts_v3_current has 2006662 rows and no steady-state writer; remaining parity failure is an uncovered reporting-fact ingestion contract, not the repaired profile paging path
